,mean_fit_time,std_fit_time,mean_score_time,std_score_time,param_max_depth,param_n_estimators,params,split0_test_r2,split1_test_r2,split2_test_r2,split3_test_r2,mean_test_r2,std_test_r2,rank_test_r2,split0_train_r2,split1_train_r2,split2_train_r2,split3_train_r2,mean_train_r2,std_train_r2,split0_test_neg_mean_squared_error,split1_test_neg_mean_squared_error,split2_test_neg_mean_squared_error,split3_test_neg_mean_squared_error,mean_test_neg_mean_squared_error,std_test_neg_mean_squared_error,rank_test_neg_mean_squared_error,split0_train_neg_mean_squared_error,split1_train_neg_mean_squared_error,split2_train_neg_mean_squared_error,split3_train_neg_mean_squared_error,mean_train_neg_mean_squared_error,std_train_neg_mean_squared_error,split0_test_neg_mean_absolute_error,split1_test_neg_mean_absolute_error,split2_test_neg_mean_absolute_error,split3_test_neg_mean_absolute_error,mean_test_neg_mean_absolute_error,std_test_neg_mean_absolute_error,rank_test_neg_mean_absolute_error,split0_train_neg_mean_absolute_error,split1_train_neg_mean_absolute_error,split2_train_neg_mean_absolute_error,split3_train_neg_mean_absolute_error,mean_train_neg_mean_absolute_error,std_train_neg_mean_absolute_error
0,"[ 17.11875737  24.64488554  33.28475463  37.01138073  55.17176187
  74.40513766  68.58868676 105.71708369 140.68979293 127.00631803
 210.97100449 288.9736681  204.47690946 236.88759112 242.14032412]","[ 1.24979824  0.445531    1.2967614   1.01609433  0.35137739  0.41092588
  0.8144036   2.56081287  5.79214715  9.59524637 10.40094821 16.34535188
 11.57929289  3.08160711  1.41295832]","[0.09249419 0.10775071 0.12625009 0.12574685 0.14149624 0.17900014
 0.1807071  0.2367506  0.23450029 0.23975068 0.36950243 0.47200125
 0.39725411 0.49424881 0.52524894]","[0.00765816 0.01231446 0.00530928 0.01160942 0.00531358 0.00833545
 0.02281369 0.04128614 0.02052449 0.0255083  0.02661229 0.05887721
 0.0334545  0.08678871 0.07108942]",[5 5 5 10 10 10 15 15 15 20 20 20 25 25 25],[100 150 200 100 150 200 100 150 200 100 150 200 100 150 200],"[{'max_depth': 5, 'n_estimators': 100}, {'max_depth': 5, 'n_estimators': 150}, {'max_depth': 5, 'n_estimators': 200}, {'max_depth': 10, 'n_estimators': 100}, {'max_depth': 10, 'n_estimators': 150}, {'max_depth': 10, 'n_estimators': 200}, {'max_depth': 15, 'n_estimators': 100}, {'max_depth': 15, 'n_estimators': 150}, {'max_depth': 15, 'n_estimators': 200}, {'max_depth': 20, 'n_estimators': 100}, {'max_depth': 20, 'n_estimators': 150}, {'max_depth': 20, 'n_estimators': 200}, {'max_depth': 25, 'n_estimators': 100}, {'max_depth': 25, 'n_estimators': 150}, {'max_depth': 25, 'n_estimators': 200}]","[0.45486636 0.45644905 0.45671555 0.4275443  0.4172913  0.40973452
 0.38046294 0.37599472 0.37422733 0.36153679 0.36151902 0.36152317
 0.34509058 0.34509199 0.34509199]","[0.46145664 0.46232996 0.46241891 0.43105306 0.42119298 0.41357201
 0.38693814 0.38284578 0.38169535 0.36609667 0.36604607 0.3660469
 0.35238855 0.35238759 0.35238759]","[0.46694167 0.46810272 0.46845769 0.44181085 0.43257552 0.42550272
 0.39547457 0.39224995 0.39123802 0.37202495 0.37198761 0.37198044
 0.35552436 0.35552536 0.35552536]","[0.46404897 0.46493649 0.46466449 0.43440605 0.42478479 0.417159
 0.38797784 0.38439487 0.38316682 0.37104855 0.37105425 0.37105403
 0.35507777 0.35507802 0.35507802]","[0.46182841 0.46295456 0.46306416 0.43370356 0.42396115 0.41649206
 0.38771337 0.38387133 0.38258188 0.36767674 0.36765174 0.36765113
 0.35202032 0.35202074 0.35202074]","[0.00446332 0.0042762  0.0042536  0.00527217 0.0056355  0.00582726
 0.00532626 0.00577858 0.00603853 0.00419737 0.00420016 0.00419667
 0.00417682 0.00417646 0.00417646]",[ 3  2  1  4  5  6  7  8  9 10 11 12 15 13 13],"[0.49942336 0.51550453 0.52900357 0.72274219 0.79120402 0.83721821
 0.9621815  0.98952348 0.9975454  0.99975483 0.99999429 0.99999996
 0.99999994 1.         1.        ]","[0.49856917 0.51412448 0.52726114 0.72918161 0.79277896 0.84067875
 0.9703653  0.99294278 0.99830409 0.99961571 0.9999966  0.99999997
 0.99999968 1.         1.        ]","[0.49586343 0.51144638 0.52383775 0.72972662 0.79139306 0.84024126
 0.9711773  0.99199639 0.99773031 0.99976418 0.99999754 0.99999998
 0.99999984 1.         1.        ]","[0.49761289 0.51284545 0.52577378 0.7256743  0.79073646 0.83814515
 0.96762561 0.99082846 0.99776843 0.99979003 0.99999651 0.99999997
 0.99999989 1.         1.        ]","[0.49786721 0.51348021 0.52646906 0.72683118 0.79152813 0.83907084
 0.96783743 0.99132278 0.99783706 0.99973119 0.99999624 0.99999997
 0.99999983 1.         1.        ]","[1.32232378e-03 1.50435337e-03 1.90120603e-03 2.82693607e-03
 7.60691214e-04 1.43565348e-03 3.52062953e-03 1.28062152e-03
 2.82529235e-04 6.79062384e-05 1.19123143e-06 8.02909344e-09
 9.69881338e-08 5.27091778e-10 5.27091778e-10]","[ -95.2876943   -95.01104383  -94.96446031 -100.0635068  -101.85569873
 -103.17660092 -108.29318457 -109.07421636 -109.38314991 -111.60141759
 -111.60452336 -111.60379896 -114.47616537 -114.47591787 -114.47591787]","[ -94.89841453  -94.74452446  -94.72885137 -100.25592518 -101.99340158
 -103.33631674 -108.02955467 -108.75068176 -108.95340159 -111.70209477
 -111.71101119 -111.7108655  -114.11764465 -114.11781447 -114.11781447]","[ -93.91794829  -93.71338627  -93.65084581  -98.34567329  -99.97281809
 -101.21895319 -106.50952205 -107.07765917 -107.25594759 -110.64104043
 -110.64761898 -110.64888373 -113.54822976 -113.54805445 -113.54805445]","[ -94.5476091   -94.39104077  -94.43902579  -99.7769436  -101.47423877
 -102.81951231 -107.9673874  -108.59946268 -108.81610333 -110.95389829
 -110.95289349 -110.95293236 -113.77131784 -113.77127479 -113.77127479]","[ -94.66291655  -94.46499883  -94.44579582  -99.61051222 -101.32403929
 -102.63784579 -107.69991217 -108.37550499 -108.6021506  -111.22461277
 -111.22901175 -111.22912013 -113.97833941 -113.97826539 -113.97826539]","[0.50350771 0.48649022 0.49525868 0.74987981 0.80297358 0.84029425
 0.69807019 0.76868654 0.80488749 0.44266634 0.44373169 0.44311872
 0.35181276 0.35180197 0.35180197]",[ 3  2  1  4  5  6  7  8  9 10 11 12 15 13 13],"[-8.82373260e+01 -8.54026775e+01 -8.30231823e+01 -4.88726121e+01
 -3.68047523e+01 -2.86937680e+01 -6.66631882e+00 -1.84670979e+00
 -4.32675318e-01 -4.32155732e-02 -1.00573736e-03 -7.91046018e-06
 -1.14220932e-05 -6.38693554e-07 -6.38693554e-07]","[-8.81510866e+01 -8.54164763e+01 -8.31070635e+01 -4.76096279e+01
 -3.64292715e+01 -2.80085314e+01 -5.20975297e+00 -1.24065275e+00
 -2.98138821e-01 -6.75571064e-02 -5.97282457e-04 -5.14581906e-06
 -5.67628055e-05 -5.04696227e-07 -5.04696227e-07]","[-8.86312712e+01 -8.58916625e+01 -8.37131600e+01 -4.75162388e+01
 -3.66747805e+01 -2.80868735e+01 -5.06726220e+00 -1.40709946e+00
 -3.99030347e-01 -4.14583474e-02 -4.32772685e-04 -4.03970570e-06
 -2.79361301e-05 -7.66263484e-07 -7.66263484e-07]","[-8.82856956e+01 -8.56088427e+01 -8.33369156e+01 -4.82079154e+01
 -3.67743858e+01 -2.84431425e+01 -5.68922994e+00 -1.61173621e+00
 -3.92159309e-01 -3.68977604e-02 -6.13090587e-04 -5.30245448e-06
 -1.99978275e-05 -6.49632043e-07 -6.49632043e-07]","[-8.83263448e+01 -8.55799148e+01 -8.32950803e+01 -4.80515986e+01
 -3.66707975e+01 -2.83080789e+01 -5.65814098e+00 -1.52654955e+00
 -3.80500949e-01 -4.72821969e-02 -6.62220773e-04 -5.59960985e-06
 -2.90297141e-05 -6.39821327e-07 -6.39821327e-07]","[1.82532338e-01 1.97578246e-01 2.67310531e-01 5.43241727e-01
 1.47500081e-01 2.76432094e-01 6.26014901e-01 2.26806441e-01
 4.99623379e-02 1.19306656e-02 2.10523653e-04 1.42017231e-06
 1.70435000e-05 9.26605818e-08 9.26605818e-08]","[-7.25527205 -7.24140239 -7.238439   -7.41289698 -7.49536775 -7.54800818
 -7.74549742 -7.7779684  -7.7927899  -7.86015633 -7.86027083 -7.8602061
 -7.98379401 -7.98378293 -7.98378293]","[-7.26925447 -7.25758978 -7.2530368  -7.43967047 -7.5115832  -7.56763334
 -7.74622186 -7.77371958 -7.78131373 -7.87561462 -7.87558782 -7.8755864
 -7.97681893 -7.97682468 -7.97682468]","[-7.22444428 -7.21431436 -7.20820901 -7.37559812 -7.44169177 -7.49295957
 -7.69063046 -7.71604529 -7.72381749 -7.85466033 -7.85481187 -7.8548604
 -7.95620932 -7.95620188 -7.95620188]","[-7.24572812 -7.23797137 -7.23740786 -7.42254965 -7.4955349  -7.55127303
 -7.74240505 -7.77079886 -7.78115506 -7.85392496 -7.85378806 -7.8537904
 -7.96944532 -7.96943865 -7.96943865]","[-7.24867473 -7.23781947 -7.23427317 -7.41267881 -7.4860444  -7.53996853
 -7.7311887  -7.75963304 -7.76976904 -7.86108906 -7.86111464 -7.86111082
 -7.9715669  -7.97156203 -7.97156203]","[0.01630067 0.01546137 0.01626802 0.02345745 0.02644041 0.02814077
 0.02346014 0.02529419 0.02694637 0.00872517 0.0087119  0.00870369
 0.01021571 0.01021627 0.01021627]",[ 3  2  1  4  5  6  7  8  9 10 12 11 15 13 13],"[-7.05213797e+00 -6.95130107e+00 -6.86783080e+00 -5.29735152e+00
 -4.58367542e+00 -4.02415456e+00 -1.78076463e+00 -8.94830264e-01
 -4.21647828e-01 -1.22721530e-01 -1.76105162e-02 -1.47665084e-03
 -1.63533727e-03 -4.40769509e-04 -4.40769509e-04]","[-7.04316674e+00 -6.94687025e+00 -6.86425287e+00 -5.23580539e+00
 -4.55665844e+00 -3.97214317e+00 -1.57065155e+00 -7.33449760e-01
 -3.47396602e-01 -1.48454343e-01 -1.34534088e-02 -1.21930110e-03
 -3.62450866e-03 -3.94437719e-04 -3.94437719e-04]","[-7.05332182e+00 -6.96018515e+00 -6.88235371e+00 -5.22854170e+00
 -4.57175301e+00 -3.97560735e+00 -1.54828484e+00 -7.80172539e-01
 -4.02016018e-01 -1.15504655e-01 -1.13595067e-02 -1.10912848e-03
 -2.52918399e-03 -4.67223589e-04 -4.67223589e-04]","[-7.04496897e+00 -6.95409661e+00 -6.87236761e+00 -5.25970370e+00
 -4.57619652e+00 -4.00020025e+00 -1.64361543e+00 -8.37922557e-01
 -4.00955016e-01 -1.10610259e-01 -1.36899861e-02 -1.27176797e-03
 -2.24107201e-03 -4.48001555e-04 -4.48001555e-04]","[-7.04839887e+00 -6.95311327e+00 -6.87170124e+00 -5.25535057e+00
 -4.57207085e+00 -3.99302634e+00 -1.63582911e+00 -8.11593780e-01
 -3.93003866e-01 -1.24322697e-01 -1.40283544e-02 -1.26921210e-03
 -2.50752548e-03 -4.37608093e-04 -4.37608093e-04]","[4.39760683e-03 4.82798764e-03 6.78928944e-03 2.68503206e-02
 9.86572929e-03 2.09759309e-02 9.08006700e-02 6.06533160e-02
 2.75904820e-02 1.45832855e-02 2.25830065e-03 1.33374695e-04
 7.21080827e-04 2.67337681e-05 2.67337681e-05]"
1,"[ 16.82887942  24.94513965  32.61275256  37.2265017   55.98178446
  73.78168166  70.77425027 106.81200039 145.50875157 122.51118726
 191.75703412 256.6258235  204.72677606 286.74835116 291.64947748]","[ 0.42568479  0.20559817  0.28549321  0.35564164  1.13437134  1.71769957
  1.21545795  1.32395642  6.73008423  2.90469974  2.32724712  2.72509354
  2.15925798 11.21388649  7.18065125]","[0.0965001  0.11449826 0.12474728 0.12524807 0.14397478 0.15899885
 0.15224922 0.19899964 0.24874806 0.22618693 0.30924994 0.42099959
 0.42924935 0.58399904 0.55224842]","[0.00567885 0.01006174 0.00925305 0.01143109 0.0074172  0.01528103
 0.00742864 0.01541117 0.04477967 0.02343891 0.02254326 0.05097583
 0.05880624 0.09690462 0.04814865]",[5 5 5 10 10 10 15 15 15 20 20 20 25 25 25],[100 150 200 100 150 200 100 150 200 100 150 200 100 150 200],"[{'max_depth': 5, 'n_estimators': 100}, {'max_depth': 5, 'n_estimators': 150}, {'max_depth': 5, 'n_estimators': 200}, {'max_depth': 10, 'n_estimators': 100}, {'max_depth': 10, 'n_estimators': 150}, {'max_depth': 10, 'n_estimators': 200}, {'max_depth': 15, 'n_estimators': 100}, {'max_depth': 15, 'n_estimators': 150}, {'max_depth': 15, 'n_estimators': 200}, {'max_depth': 20, 'n_estimators': 100}, {'max_depth': 20, 'n_estimators': 150}, {'max_depth': 20, 'n_estimators': 200}, {'max_depth': 25, 'n_estimators': 100}, {'max_depth': 25, 'n_estimators': 150}, {'max_depth': 25, 'n_estimators': 200}]","[0.46336616 0.46481041 0.46472432 0.43521429 0.42586303 0.41810088
 0.38782067 0.38467652 0.38377035 0.37095011 0.37095084 0.37095607
 0.35305375 0.3530531  0.3530531 ]","[0.4651844  0.46675962 0.46654953 0.43550265 0.42681335 0.41909938
 0.39219912 0.3881495  0.38711297 0.36899535 0.36894347 0.36894308
 0.35875792 0.35875854 0.35875854]","[0.46261297 0.46399327 0.46384317 0.43459674 0.42342264 0.41641872
 0.38792816 0.38421888 0.38296954 0.36607499 0.36604241 0.36604899
 0.35424625 0.35424617 0.35424617]","[0.46336423 0.46491    0.46475462 0.43436328 0.42475921 0.41703197
 0.39020336 0.38705995 0.38628638 0.36740748 0.36733094 0.3673355
 0.35015042 0.35015051 0.35015051]","[0.46363194 0.46511832 0.46496791 0.43491924 0.42521455 0.41766274
 0.38953783 0.38602621 0.38503481 0.36835698 0.36831691 0.36832091
 0.35405208 0.35405208 0.35405208]","[0.00094746 0.00101215 0.00098379 0.0004584  0.00126441 0.00102486
 0.00180728 0.00163287 0.00171387 0.0018194  0.00183546 0.00183466
 0.00309848 0.00309874 0.00309874]",[ 3  1  2  4  5  6  7  8  9 10 12 11 13 14 14],"[0.49976869 0.51492492 0.52813964 0.72568657 0.79351927 0.84258199
 0.96902812 0.99143043 0.99788317 0.99975115 0.99999548 0.99999994
 0.99999992 1.         1.        ]","[0.49875342 0.51459936 0.52821712 0.73011684 0.79048013 0.83998961
 0.96865644 0.99188512 0.99810249 0.99974497 0.99999596 0.99999995
 0.99999987 0.99999999 0.99999999]","[0.50006939 0.51558639 0.52909573 0.72965919 0.79975835 0.8458964
 0.9711001  0.99158554 0.99819757 0.99961411 0.99999391 0.9999999
 0.99999984 1.         1.        ]","[0.49871668 0.51419532 0.52746947 0.73037518 0.7933579  0.83889366
 0.96966906 0.99253547 0.99810657 0.99971985 0.99999429 0.99999995
 0.99999995 1.         1.        ]","[0.49932705 0.5148265  0.52823049 0.72895944 0.79427891 0.84184042
 0.96961343 0.99185914 0.99807245 0.99970752 0.99999491 0.99999993
 0.99999989 1.         1.        ]","[6.01604111e-04 5.09189661e-04 5.77975601e-04 1.90691171e-03
 3.38674735e-03 2.69767080e-03 9.31623679e-04 4.23304768e-04
 1.15700443e-04 5.51890397e-05 8.39774126e-07 1.93688565e-08
 4.44652100e-08 4.74177176e-10 4.74177176e-10]","[ -94.77804131  -94.52296429  -94.53816818  -99.75010705 -101.40168876
 -102.7726072  -108.12057169 -108.67587917 -108.83592263 -111.10018014
 -111.10005175 -111.09912647 -114.26096057 -114.26107638 -114.26107638]","[ -94.74844137  -94.4693734   -94.50659301 -100.00688901 -101.54629399
 -102.91290839 -107.67858271 -108.39601815 -108.57965026 -111.78938518
 -111.79857685 -111.79864638 -113.6030586  -113.6029483  -113.6029483 ]","[ -94.5087627   -94.26601315  -94.29241189  -99.43589933 -101.40105765
 -102.63281796 -107.64337347 -108.29571358 -108.5154315  -111.48662948
 -111.49235964 -111.49120193 -113.56691669 -113.56693042 -113.56693042]","[ -94.5701068   -94.29769905  -94.32508047  -99.68087722 -101.37338202
 -102.73513475 -107.46308    -108.01703609 -108.15336085 -111.48034644
 -111.49383585 -111.49303234 -114.52151982 -114.52150392 -114.52150392]","[ -94.65133805  -94.38901247  -94.41556339  -99.71844315 -101.43060561
 -102.76336708 -107.72640197 -108.34616175 -108.52109131 -111.46413531
 -111.47120602 -111.47050178 -113.98811392 -113.98811475 -113.98811475]","[0.11446508 0.10939372 0.10801826 0.20337516 0.06776357 0.1003595
 0.24181018 0.23562043 0.24382659 0.24444817 0.24793484 0.24826126
 0.41371544 0.41375158 0.41375158]",[ 3  1  2  4  5  6  7  8  9 10 12 11 13 14 14],"[-8.82501632e+01 -8.55763206e+01 -8.32449961e+01 -4.83940224e+01
 -3.64270639e+01 -2.77714826e+01 -5.46401896e+00 -1.51183201e+00
 -3.73447672e-01 -4.39015819e-02 -7.96760910e-04 -1.14208691e-05
 -1.41067895e-05 -7.45849635e-07 -7.45849635e-07]","[-8.83385120e+01 -8.55458618e+01 -8.31458997e+01 -4.75635706e+01
 -3.69252861e+01 -2.81998522e+01 -5.52391468e+00 -1.43014661e+00
 -3.34411977e-01 -4.49456366e-02 -7.11358202e-04 -8.57672126e-06
 -2.33362810e-05 -9.07780300e-07 -9.07780300e-07]","[-8.83223071e+01 -8.55809329e+01 -8.31942495e+01 -4.77608758e+01
 -3.53765193e+01 -2.72253500e+01 -5.10572054e+00 -1.48657514e+00
 -3.18434273e-01 -6.81745103e-02 -1.07522893e-03 -1.73924231e-05
 -2.85149642e-05 -6.91491410e-07 -6.91491410e-07]","[-8.85009859e+01 -8.57682505e+01 -8.34247150e+01 -4.76019479e+01
 -3.64824221e+01 -2.84431357e+01 -5.35489293e+00 -1.31785355e+00
 -3.34282925e-01 -4.94606331e-02 -1.00879794e-03 -9.51507383e-06
 -8.32051366e-06 -7.27347561e-07 -7.27347561e-07]","[-8.83529921e+01 -8.56178415e+01 -8.32524651e+01 -4.78301042e+01
 -3.63028228e+01 -2.79099552e+01 -5.36213678e+00 -1.43660183e+00
 -3.40144212e-01 -5.16205905e-02 -8.98036497e-04 -1.17262718e-05
 -1.85696371e-05 -7.68117226e-07 -7.68117226e-07]","[9.16885877e-02 8.78779989e-02 1.05440821e-01 3.33875628e-01
 5.68592685e-01 4.62650145e-01 1.59963927e-01 7.46654821e-02
 2.02956590e-02 9.78309488e-03 1.48972135e-04 3.42810465e-06
 7.85162348e-06 8.29688210e-08 8.29688210e-08]","[-7.24213614 -7.22963781 -7.22776637 -7.4151832  -7.48092838 -7.53988901
 -7.74594075 -7.77152378 -7.77999457 -7.85236378 -7.85225466 -7.85223689
 -7.97648497 -7.97649112 -7.97649112]","[-7.24294039 -7.23274413 -7.23020421 -7.41694568 -7.48024291 -7.5345248
 -7.72582838 -7.75789529 -7.76759516 -7.86737169 -7.86747648 -7.86743116
 -7.96460992 -7.96461096 -7.96461096]","[-7.2524846  -7.23819856 -7.23708778 -7.4215926  -7.50535271 -7.55568626
 -7.73493    -7.76393059 -7.77327343 -7.86921976 -7.86935203 -7.86932286
 -7.9505426  -7.95054162 -7.95054162]","[-7.24217595 -7.22798087 -7.22894979 -7.41423187 -7.48614278 -7.54468586
 -7.70885457 -7.73779296 -7.74344175 -7.85966413 -7.86038524 -7.86035363
 -7.98154409 -7.98154459 -7.98154459]","[-7.24493427 -7.23214034 -7.23100204 -7.41698834 -7.48816669 -7.54369648
 -7.72888843 -7.75778566 -7.76607623 -7.86215484 -7.8623671  -7.86233613
 -7.96829539 -7.96829707 -7.96829707]","[0.00437095 0.00389328 0.00361781 0.00283097 0.01018129 0.00779984
 0.01358309 0.01251215 0.01378538 0.00669323 0.00672838 0.00672121
 0.01195138 0.01195285 0.01195285]",[ 3  2  1  4  5  6  7  8  9 10 12 11 13 14 14],"[-7.04070163e+00 -6.94664545e+00 -6.86436499e+00 -5.26723185e+00
 -4.55217212e+00 -3.95154983e+00 -1.60067796e+00 -8.01316245e-01
 -3.87919670e-01 -1.19499841e-01 -1.55756194e-02 -1.81510124e-03
 -1.80646345e-03 -4.62059425e-04 -4.62059425e-04]","[-7.04753211e+00 -6.95073065e+00 -6.86521458e+00 -5.22010874e+00
 -4.57965049e+00 -3.97676887e+00 -1.61856919e+00 -7.89848543e-01
 -3.67951044e-01 -1.23832115e-01 -1.45052608e-02 -1.58641975e-03
 -2.29154583e-03 -5.06388188e-04 -5.06388188e-04]","[-7.03902474e+00 -6.94378874e+00 -6.86000872e+00 -5.24020447e+00
 -4.49400603e+00 -3.90913869e+00 -1.55421896e+00 -7.97829487e-01
 -3.55991700e-01 -1.52519901e-01 -1.80599126e-02 -2.28194596e-03
 -2.46399672e-03 -4.49963367e-04 -4.49963367e-04]","[-7.05523068e+00 -6.95858129e+00 -6.87687561e+00 -5.23334892e+00
 -4.55469843e+00 -3.99437868e+00 -1.60049462e+00 -7.59064887e-01
 -3.70640946e-01 -1.28391991e-01 -1.74491309e-02 -1.67490796e-03
 -1.38010417e-03 -4.57725315e-04 -4.57725315e-04]","[-7.04562229e+00 -6.94993653e+00 -6.86661598e+00 -5.24022349e+00
 -4.54513177e+00 -3.95795902e+00 -1.59349018e+00 -7.87014791e-01
 -3.70625840e-01 -1.31060962e-01 -1.63974809e-02 -1.83959373e-03
 -1.98552754e-03 -4.69034074e-04 -4.69034074e-04]","[6.39744308e-03 5.56751946e-03 6.24393252e-03 1.71851297e-02
 3.14104732e-02 3.20339829e-02 2.38322899e-02 1.66637073e-02
 1.14060222e-02 1.27820695e-02 1.42527195e-03 2.68092263e-04
 4.24611987e-04 2.19974740e-05 2.19974740e-05]"
2,"[ 18.06775045  26.90513444  35.44337726  41.56125152  62.20950353
  83.33125323  82.24931592 127.33400124 169.79898858 155.25390154
 240.94989806 322.24868864 255.31500936 305.56411898 310.75798857]","[0.09140714 0.08655317 0.31972034 0.68642926 1.01511711 0.40525129
 2.1052211  0.99214355 2.66780903 1.57145639 4.24278959 4.15815323
 4.0020233  2.76367169 4.34174587]","[0.11099994 0.13499755 0.15049523 0.13374788 0.15299618 0.18874741
 0.19474882 0.21824902 0.2899974  0.274746   0.42819303 0.59824944
 0.44799805 0.62374991 0.56247491]","[0.00367504 0.026372   0.00726112 0.00906653 0.00997381 0.01089555
 0.01628509 0.02769882 0.03760406 0.02188466 0.03098851 0.07451299
 0.03210236 0.08905102 0.06432682]",[5 5 5 10 10 10 15 15 15 20 20 20 25 25 25],[100 150 200 100 150 200 100 150 200 100 150 200 100 150 200],"[{'max_depth': 5, 'n_estimators': 100}, {'max_depth': 5, 'n_estimators': 150}, {'max_depth': 5, 'n_estimators': 200}, {'max_depth': 10, 'n_estimators': 100}, {'max_depth': 10, 'n_estimators': 150}, {'max_depth': 10, 'n_estimators': 200}, {'max_depth': 15, 'n_estimators': 100}, {'max_depth': 15, 'n_estimators': 150}, {'max_depth': 15, 'n_estimators': 200}, {'max_depth': 20, 'n_estimators': 100}, {'max_depth': 20, 'n_estimators': 150}, {'max_depth': 20, 'n_estimators': 200}, {'max_depth': 25, 'n_estimators': 100}, {'max_depth': 25, 'n_estimators': 150}, {'max_depth': 25, 'n_estimators': 200}]","[0.46517047 0.46640636 0.46661293 0.43475624 0.42623346 0.41878565
 0.39080021 0.38695938 0.38580749 0.37174661 0.37172242 0.371722
 0.35881545 0.35881591 0.35881591]","[0.45713201 0.4591672  0.45905122 0.43012562 0.41946111 0.41259552
 0.38557939 0.38102832 0.37980088 0.36375673 0.36372041 0.36372661
 0.35149953 0.35150054 0.35150054]","[0.46662365 0.4680259  0.4679174  0.43750664 0.42875997 0.42267217
 0.39409921 0.39054986 0.38957077 0.3757216  0.37573996 0.37574207
 0.35827744 0.35827725 0.35827725]","[0.46113565 0.46256769 0.46288549 0.43383486 0.42595876 0.41878398
 0.38798845 0.38400727 0.38318258 0.36666384 0.36659029 0.36658386
 0.35225511 0.3522556  0.3522556 ]","[0.46251544 0.46404179 0.46411676 0.43405584 0.42510332 0.41820933
 0.38961682 0.38563621 0.38459043 0.3694722  0.36944327 0.36944364
 0.35521188 0.35521232 0.35521232]","[0.00370175 0.00344234 0.00345874 0.00264074 0.00343565 0.00360882
 0.00317981 0.00352778 0.00357795 0.00460384 0.00462962 0.00462936
 0.00335065 0.00335034 0.00335034]",[ 3  2  1  4  5  6  7  8  9 10 12 11 15 13 13],"[0.49798977 0.51316389 0.52689005 0.74148324 0.80048695 0.84782733
 0.96874576 0.99181701 0.99781156 0.99969949 0.99999669 0.99999996
 0.99999978 1.         1.        ]","[0.49979473 0.5162681  0.52953799 0.72731792 0.79545891 0.84049454
 0.9635975  0.99076845 0.99804628 0.99977984 0.99999671 0.99999997
 0.99999987 1.         1.        ]","[0.49727554 0.51349058 0.52695724 0.73310323 0.79314015 0.83992875
 0.97045258 0.99232673 0.99841885 0.99976597 0.99999771 0.99999997
 0.99999993 0.99999999 0.99999999]","[0.4982122  0.51367682 0.5271688  0.72875719 0.78352896 0.83242015
 0.96399608 0.99134346 0.99766438 0.9996658  0.99999391 0.99999989
 0.99999992 1.         1.        ]","[0.49831806 0.51414985 0.52763852 0.73266539 0.79315374 0.8401677
 0.96669798 0.99156391 0.99798527 0.99972778 0.99999625 0.99999994
 0.99999988 1.         1.        ]","[9.20106206e-04 1.23667673e-03 1.10147523e-03 5.51850518e-03
 6.15886058e-03 5.45110940e-03 2.96663554e-03 5.76043180e-04
 2.84982766e-04 4.69319368e-05 1.41250753e-06 3.43273343e-08
 5.85815449e-08 7.22723623e-10 7.22723623e-10]","[ -94.29573465  -94.07783415  -94.04141488  -99.65806404 -101.16071327
 -102.47383586 -107.40794593 -108.08512351 -108.28821181 -110.76728486
 -110.77154972 -110.77162273 -113.04717553 -113.04709444 -113.04709444]","[ -96.15259837  -95.7921258   -95.81266797 -100.935961   -102.82485621
 -104.0408866  -108.82597417 -109.63205918 -109.84946155 -112.69119594
 -112.69763025 -112.69653219 -114.86218759 -114.8620087  -114.8620087 ]","[ -94.2955413   -94.04763774  -94.0668194   -99.4431343  -100.989456
 -102.06571722 -107.11712757 -107.74461673 -107.91771094 -110.36610248
 -110.36285693 -110.36248457 -113.45005392 -113.45008855 -113.45008855]","[ -94.63507687  -94.38358348  -94.32777197  -99.42962834 -100.81282512
 -102.07285568 -107.48115095 -108.18032258 -108.32515569 -111.22616706
 -111.23908518 -111.24021312 -113.75662205 -113.75653534 -113.75653534]","[ -94.8447378   -94.57529529  -94.56216856  -99.86669692 -101.44696265
 -102.66332384 -107.70804966 -108.4105305  -108.595135   -111.26268758
 -111.26778052 -111.26771315 -113.77900977 -113.77893176 -113.77893176]","[0.76770408 0.71472372 0.730624   0.62395665 0.80498014 0.81230708
 0.65963804 0.72361227 0.74150676 0.87909877 0.88181991 0.88145116
 0.67408618 0.67403282 0.67403282]",[ 3  2  1  4  5  6  7  8  9 10 12 11 15 13 13],"[-8.86101136e+01 -8.59317204e+01 -8.35089092e+01 -4.56309424e+01
 -3.52161630e+01 -2.68600845e+01 -5.51670336e+00 -1.44438356e+00
 -3.86283392e-01 -5.30426444e-02 -5.85090070e-04 -7.20719829e-06
 -3.84932201e-05 -6.97172065e-07 -6.97172065e-07]","[-8.81565421e+01 -8.52532634e+01 -8.29145674e+01 -4.80576887e+01
 -3.60484713e+01 -2.81113579e+01 -6.41560396e+00 -1.62697502e+00
 -3.44324294e-01 -3.88014051e-02 -5.79388141e-04 -6.16561706e-06
 -2.22150648e-05 -6.02493098e-07 -6.02493098e-07]","[-8.86554081e+01 -8.57958878e+01 -8.34210430e+01 -4.70672184e+01
 -3.64797145e+01 -2.82285484e+01 -5.21068397e+00 -1.35318127e+00
 -2.78836113e-01 -4.12707182e-02 -4.04618320e-04 -5.40660006e-06
 -1.30018692e-05 -9.30072917e-07 -9.30072917e-07]","[-8.86861522e+01 -8.59529283e+01 -8.35683526e+01 -4.79395500e+01
 -3.82591667e+01 -2.96181205e+01 -6.36334473e+00 -1.52996015e+00
 -4.12798833e-01 -5.90666100e-02 -1.07570892e-03 -2.02062433e-05
 -1.33543315e-05 -6.40113307e-07 -6.40113307e-07]","[-8.85270540e+01 -8.57334500e+01 -8.33532181e+01 -4.71738499e+01
 -3.65008789e+01 -2.82045278e+01 -5.87658401e+00 -1.48862500e+00
 -3.55560658e-01 -4.80453444e-02 -6.61201364e-04 -9.74641467e-06
 -2.17661214e-05 -7.17462847e-07 -7.17462847e-07]","[2.15618305e-01 2.83707402e-01 2.58620001e-01 9.69458780e-01
 1.11211413e+00 9.76605040e-01 5.24503444e-01 1.01429325e-01
 5.05791626e-02 8.33347579e-03 2.50068845e-04 6.07272048e-06
 1.03388552e-05 1.27294690e-07 1.27294690e-07]","[-7.24938507 -7.23620238 -7.23118453 -7.42659927 -7.48423764 -7.54186354
 -7.73057334 -7.75869649 -7.76780129 -7.84423393 -7.84428666 -7.84431984
 -7.94484981 -7.94483626 -7.94483626]","[-7.30124904 -7.28129477 -7.28263689 -7.46245067 -7.53948847 -7.5920835
 -7.77387713 -7.80626077 -7.81649528 -7.90544033 -7.9057544  -7.90571576
 -7.99513819 -7.99512593 -7.99512593]","[-7.21620939 -7.20092224 -7.20290332 -7.38971985 -7.4544092  -7.50094508
 -7.70152466 -7.72875439 -7.73674469 -7.81593836 -7.81582936 -7.8158094
 -7.93250844 -7.93250994 -7.93250994]","[-7.24391052 -7.23199799 -7.22855794 -7.39430661 -7.44932942 -7.50389432
 -7.71640117 -7.75029329 -7.75705642 -7.86321047 -7.86400443 -7.86405274
 -7.95869218 -7.95869306 -7.95869306]","[-7.25268851 -7.23760435 -7.23632067 -7.4182691  -7.48186618 -7.53469661
 -7.73059408 -7.76100124 -7.76952442 -7.85720577 -7.85746871 -7.85747444
 -7.95779715 -7.9577913  -7.9577913 ]","[0.03072791 0.02866979 0.02893333 0.02920044 0.03584159 0.03685298
 0.02701802 0.02832074 0.02932232 0.0325342  0.03271783 0.03270901
 0.02346437 0.02346097 0.02346097]",[ 3  2  1  4  5  6  7  8  9 10 11 12 15 13 13],"[-7.05447406e+00 -6.96107357e+00 -6.87466765e+00 -5.12539516e+00
 -4.48301629e+00 -3.89087259e+00 -1.60685198e+00 -7.96272144e-01
 -3.94565583e-01 -1.31552360e-01 -1.32986513e-02 -1.47610686e-03
 -3.15205236e-03 -4.53539143e-04 -4.53539143e-04]","[-7.03839830e+00 -6.93157418e+00 -6.84910195e+00 -5.24500051e+00
 -4.52966972e+00 -3.97242738e+00 -1.74346815e+00 -8.47777102e-01
 -3.75195543e-01 -1.12622242e-01 -1.31430682e-02 -1.34429678e-03
 -2.28351161e-03 -4.29805454e-04 -4.29805454e-04]","[-7.06236496e+00 -6.96210503e+00 -6.87959479e+00 -5.20466443e+00
 -4.55859946e+00 -3.98514417e+00 -1.56824163e+00 -7.65910129e-01
 -3.33860559e-01 -1.15237757e-01 -1.11015303e-02 -1.24772740e-03
 -1.70873555e-03 -4.95989081e-04 -4.95989081e-04]","[-7.05730405e+00 -6.96147760e+00 -6.87942573e+00 -5.24215386e+00
 -4.66102493e+00 -4.08291266e+00 -1.74428860e+00 -8.20287465e-01
 -4.11922309e-01 -1.39937072e-01 -1.80342205e-02 -2.41892416e-03
 -1.76580368e-03 -4.33136220e-04 -4.33136220e-04]","[-7.05313534e+00 -6.95405759e+00 -6.87069753e+00 -5.20430349e+00
 -4.55807760e+00 -3.98283920e+00 -1.66571259e+00 -8.07561710e-01
 -3.78885999e-01 -1.24837358e-01 -1.38943676e-02 -1.62176380e-03
 -2.22752580e-03 -4.53117474e-04 -4.53117474e-04]","[8.96571922e-03 1.29860078e-02 1.26241204e-02 4.82585564e-02
 6.52679731e-02 6.81657423e-02 7.93493485e-02 3.01725500e-02
 2.90609568e-02 1.13407893e-02 2.54252093e-03 4.67325302e-04
 5.78838149e-04 2.63668982e-05 2.63668982e-05]"
3,"[ 18.51875025  27.50900006  36.12350392  43.03316015  64.13275421
  85.82454675  84.47475052 127.0107888  169.90853882 157.15270734
 242.63749903 330.79206079 260.45098585 305.38370639 309.84089935]","[0.1029039  0.21488092 0.22565019 0.61389479 0.50552963 0.5543543
 0.39568497 0.8100077  1.40753218 1.23398811 1.83745523 2.93352686
 2.08111364 4.24099761 5.33102679]","[0.12424922 0.13049984 0.15999591 0.14149916 0.16474503 0.1827032
 0.16399884 0.22821724 0.25524908 0.27324861 0.39049959 0.56074804
 0.4882018  0.52074915 0.58399963]","[0.01105434 0.00756611 0.01496857 0.00906954 0.0175661  0.00283769
 0.00987501 0.01725681 0.01865911 0.0399089  0.0170073  0.05575439
 0.03686934 0.04159116 0.05940376]",[5 5 5 10 10 10 15 15 15 20 20 20 25 25 25],[100 150 200 100 150 200 100 150 200 100 150 200 100 150 200],"[{'max_depth': 5, 'n_estimators': 100}, {'max_depth': 5, 'n_estimators': 150}, {'max_depth': 5, 'n_estimators': 200}, {'max_depth': 10, 'n_estimators': 100}, {'max_depth': 10, 'n_estimators': 150}, {'max_depth': 10, 'n_estimators': 200}, {'max_depth': 15, 'n_estimators': 100}, {'max_depth': 15, 'n_estimators': 150}, {'max_depth': 15, 'n_estimators': 200}, {'max_depth': 20, 'n_estimators': 100}, {'max_depth': 20, 'n_estimators': 150}, {'max_depth': 20, 'n_estimators': 200}, {'max_depth': 25, 'n_estimators': 100}, {'max_depth': 25, 'n_estimators': 150}, {'max_depth': 25, 'n_estimators': 200}]","[0.46167046 0.46218496 0.46292714 0.43228723 0.42347553 0.41563719
 0.39050664 0.38709562 0.38609001 0.36990966 0.36990637 0.36990828
 0.35469449 0.35469415 0.35469415]","[0.46441572 0.46598751 0.46537566 0.43479751 0.42500497 0.4175549
 0.39162228 0.3878189  0.38665599 0.37409461 0.37410569 0.37410632
 0.36059029 0.3605905  0.3605905 ]","[0.46266295 0.46383093 0.46381122 0.43607908 0.42582364 0.41865743
 0.38663904 0.38355627 0.38200071 0.36784246 0.36782495 0.36782545
 0.35486585 0.3548669  0.3548669 ]","[0.46467391 0.466429   0.46617931 0.43332213 0.42465557 0.41671935
 0.38917831 0.38548343 0.38429691 0.36708786 0.36704892 0.36704702
 0.35477664 0.35477759 0.35477759]","[0.46335576 0.4646081  0.46457333 0.43412149 0.42473993 0.41714222
 0.38948657 0.38598855 0.38476091 0.36973364 0.36972148 0.36972176
 0.35623182 0.35623229 0.35623229]","[0.00124311 0.00170983 0.00127609 0.00143985 0.00084417 0.00110794
 0.00185777 0.00163913 0.00181603 0.00272148 0.00273838 0.00273904
 0.00251709 0.00251696 0.00251696]",[ 3  1  2  4  5  6  7  8  9 10 12 11 15 13 13],"[0.49992647 0.51653452 0.53055231 0.72857812 0.79263478 0.84239055
 0.96812045 0.99140378 0.99792754 0.99969996 0.99999655 0.99999996
 0.99999995 0.99999999 0.99999999]","[0.49771259 0.51413315 0.52788769 0.73263818 0.79590808 0.84378023
 0.96462714 0.99059172 0.99728818 0.99980112 0.99999696 0.99999996
 0.99999987 1.         1.        ]","[0.49983093 0.51441304 0.52758108 0.73567216 0.79616513 0.84647653
 0.96783666 0.98994429 0.99758945 0.99981193 0.99999626 0.99999998
 0.99999986 1.         1.        ]","[0.49904773 0.51507349 0.52683085 0.735503   0.79717097 0.84456506
 0.96845013 0.99222632 0.99812801 0.99970395 0.99999623 0.99999996
 0.99999996 1.         1.        ]","[0.49912943 0.51503855 0.52821298 0.73309786 0.79546974 0.84430309
 0.9672586  0.99104153 0.9977333  0.99975424 0.9999965  0.99999996
 0.99999991 1.         1.        ]","[8.86211355e-04 9.28729529e-04 1.40426487e-03 2.87450081e-03
 1.70344333e-03 1.47679066e-03 1.53470280e-03 8.57496298e-04
 3.21072249e-04 5.24440042e-05 2.92543762e-07 9.62398852e-09
 4.48259036e-08 6.40453959e-10 6.40453959e-10]","[ -95.46481113  -95.37357202  -95.24195657 -100.67549344 -102.23811758
 -103.6281329  -108.08466478 -108.68955977 -108.86788955 -111.73723675
 -111.73782019 -111.73748137 -114.43542285 -114.43548162 -114.43548162]","[ -94.34486584  -94.06798948  -94.17576918  -99.56220699 -101.28719374
 -102.59954731 -107.16765978 -107.83763773 -108.0424877  -110.25521579
 -110.25326358 -110.25315249 -112.63404388 -112.63400695 -112.63400695]","[ -94.74340224  -94.53746307  -94.54093753  -99.43067647 -101.23891835
 -102.50246562 -108.14795687 -108.69151171 -108.96578705 -111.46217371
 -111.46526111 -111.46517356 -113.7502133  -113.75002783 -113.75002783]","[ -94.64358341  -94.33329077  -94.37743453 -100.18645842 -101.71867211
 -103.12176556 -107.99091495 -108.64415489 -108.85392697 -111.89642153
 -111.90330594 -111.90364163 -114.07299619 -114.07282803 -114.07282803]","[ -94.79916565  -94.57807883  -94.58402445  -99.96370883 -101.62072544
 -102.96297785 -107.84779909 -108.46571602 -108.68252282 -111.33776195
 -111.3399127  -111.33986226 -113.72316905 -113.72308611 -113.72308611]","[0.41133551 0.48851085 0.40127389 0.50039532 0.40242597 0.45049918
 0.39663323 0.36311585 0.3720295  0.64402351 0.64657963 0.64664309
 0.67390829 0.67391506 0.67391506]",[ 3  1  2  4  5  6  7  8  9 10 12 11 15 13 13],"[-8.82250444e+01 -8.52949830e+01 -8.28219066e+01 -4.78853715e+01
 -3.65842304e+01 -2.78061118e+01 -5.62432154e+00 -1.51658037e+00
 -3.65631191e-01 -5.29341696e-02 -6.09465874e-04 -7.00246236e-06
 -9.31836425e-06 -9.37252387e-07 -9.37252387e-07]","[-8.88138231e+01 -8.59103605e+01 -8.34782993e+01 -4.72745786e+01
 -3.60872740e+01 -2.76225811e+01 -6.25458335e+00 -1.66355988e+00
 -4.79500356e-01 -3.51653748e-02 -5.37602000e-04 -7.58331408e-06
 -2.34217327e-05 -6.24307472e-07 -6.24307472e-07]","[-8.84114503e+01 -8.58338701e+01 -8.35062466e+01 -4.67234169e+01
 -3.60304893e+01 -2.71372895e+01 -5.68529303e+00 -1.77747827e+00
 -4.26096162e-01 -3.32439640e-02 -6.60450186e-04 -3.59501475e-06
 -2.53644046e-05 -8.30656732e-07 -8.30656732e-07]","[-8.84701729e+01 -8.56399600e+01 -8.35635622e+01 -4.67112267e+01
 -3.58204169e+01 -2.74504309e+01 -5.57183249e+00 -1.37286381e+00
 -3.30601039e-01 -5.22839707e-02 -6.65887800e-04 -7.79771584e-06
 -7.92390468e-06 -8.06522124e-07 -8.06522124e-07]","[-8.84801227e+01 -8.56697934e+01 -8.33425037e+01 -4.71486484e+01
 -3.61306027e+01 -2.75041033e+01 -5.78400760e+00 -1.58262059e+00
 -4.00457187e-01 -4.34068698e-02 -6.18351465e-04 -6.49462676e-06
 -1.65071016e-05 -7.99684679e-07 -7.99684679e-07]","[2.12858982e-01 2.37784881e-01 3.02134257e-01 4.82384409e-01
 2.80130938e-01 2.46312411e-01 2.74637952e-01 1.52381021e-01
 5.70041905e-02 9.23010368e-03 5.15544256e-05 1.69918569e-06
 7.93115934e-06 1.12570042e-07 1.12570042e-07]","[-7.28625626 -7.2786706  -7.27115076 -7.448083   -7.51181605 -7.5709556
 -7.75031853 -7.77792236 -7.78520483 -7.86514991 -7.86545518 -7.86543397
 -7.98062503 -7.98062898 -7.98062898]","[-7.22989046 -7.21444337 -7.21506567 -7.40082717 -7.47459971 -7.52352856
 -7.6991163  -7.72658455 -7.73452128 -7.82715136 -7.82716648 -7.82711805
 -7.93610896 -7.93610717 -7.93610717]","[-7.25620471 -7.24541864 -7.24463153 -7.42081558 -7.49625938 -7.55276103
 -7.76510741 -7.78943454 -7.80222386 -7.87813341 -7.87818032 -7.87814202
 -7.97304302 -7.97303788 -7.97303788]","[-7.23787595 -7.22539862 -7.22631516 -7.42374675 -7.48822404 -7.54912737
 -7.72769501 -7.75493864 -7.76356653 -7.86490768 -7.86484069 -7.86483762
 -7.96473824 -7.96473276 -7.96473276]","[-7.25255684 -7.2409828  -7.23929078 -7.42336813 -7.49272479 -7.54909314
 -7.73555931 -7.76222002 -7.77137913 -7.85883559 -7.85891067 -7.85888291
 -7.96362881 -7.9636267  -7.9636267 ]","[0.0216694  0.02442977 0.02120616 0.01677482 0.01346982 0.0169187
 0.02490414 0.02403174 0.02530852 0.01905936 0.01908539 0.01909381
 0.01685283 0.01685375 0.01685375]",[ 3  2  1  4  5  6  7  8  9 10 12 11 15 13 13],"[-7.03678273e+00 -6.93849719e+00 -6.84822989e+00 -5.24164209e+00
 -4.56414973e+00 -3.95750879e+00 -1.62987531e+00 -8.08676756e-01
 -3.81835133e-01 -1.31240447e-01 -1.36253058e-02 -1.41462403e-03
 -1.47116201e-03 -5.10073915e-04 -5.10073915e-04]","[-7.06489954e+00 -6.96542245e+00 -6.88410736e+00 -5.21630841e+00
 -4.53286734e+00 -3.93731678e+00 -1.70874299e+00 -8.51344138e-01
 -4.41675106e-01 -1.07697611e-01 -1.27101626e-02 -1.50903556e-03
 -2.34714587e-03 -4.34859365e-04 -4.34859365e-04]","[-7.05081535e+00 -6.96234570e+00 -6.87912985e+00 -5.17795877e+00
 -4.52416226e+00 -3.90816204e+00 -1.63641537e+00 -8.78706877e-01
 -4.17720994e-01 -1.04661801e-01 -1.40942169e-02 -1.04466907e-03
 -2.43779782e-03 -4.81357002e-04 -4.81357002e-04]","[-7.04922939e+00 -6.95069459e+00 -6.87696273e+00 -5.18385455e+00
 -4.51852027e+00 -3.93548016e+00 -1.62801954e+00 -7.72455490e-01
 -3.66489796e-01 -1.33584125e-01 -1.44668473e-02 -1.50381418e-03
 -1.40557112e-03 -4.73801420e-04 -4.73801420e-04]","[-7.05043175e+00 -6.95423998e+00 -6.87210746e+00 -5.20494096e+00
 -4.53492490e+00 -3.93461694e+00 -1.65076330e+00 -8.27795815e-01
 -4.01930257e-01 -1.19295996e-01 -1.37241332e-02 -1.36803571e-03
 -1.91541920e-03 -4.75022926e-04 -4.75022926e-04]","[9.96500969e-03 1.06202134e-02 1.40269676e-02 2.57335723e-02
 1.76300192e-02 1.75494525e-02 3.36195403e-02 4.05417986e-02
 2.95332045e-02 1.31861928e-02 6.56979718e-04 1.90429254e-04
 4.78690101e-04 2.68481657e-05 2.68481657e-05]"
