,mean_fit_time,std_fit_time,mean_score_time,std_score_time,param_alpha,params,split0_test_r2,split1_test_r2,split2_test_r2,split3_test_r2,mean_test_r2,std_test_r2,rank_test_r2,split0_train_r2,split1_train_r2,split2_train_r2,split3_train_r2,mean_train_r2,std_train_r2,split0_test_neg_mean_squared_error,split1_test_neg_mean_squared_error,split2_test_neg_mean_squared_error,split3_test_neg_mean_squared_error,mean_test_neg_mean_squared_error,std_test_neg_mean_squared_error,rank_test_neg_mean_squared_error,split0_train_neg_mean_squared_error,split1_train_neg_mean_squared_error,split2_train_neg_mean_squared_error,split3_train_neg_mean_squared_error,mean_train_neg_mean_squared_error,std_train_neg_mean_squared_error,split0_test_neg_mean_absolute_error,split1_test_neg_mean_absolute_error,split2_test_neg_mean_absolute_error,split3_test_neg_mean_absolute_error,mean_test_neg_mean_absolute_error,std_test_neg_mean_absolute_error,rank_test_neg_mean_absolute_error,split0_train_neg_mean_absolute_error,split1_train_neg_mean_absolute_error,split2_train_neg_mean_absolute_error,split3_train_neg_mean_absolute_error,mean_train_neg_mean_absolute_error,std_train_neg_mean_absolute_error
Fold1,"[38.10313737  1.75824863  1.03074884  1.11987388  0.90024894  0.82000148
  0.78200018  0.77599907  0.76000065  0.74850035  0.72775072  0.71824986]","[0.16891841 0.01855378 0.044769   0.05271519 0.03091307 0.01793006
 0.01383806 0.00367463 0.00670783 0.01064219 0.00383155 0.00449336]","[0.03000069 0.0332489  0.0322482  0.03499895 0.0360015  0.03374994
 0.03500187 0.03074974 0.03074878 0.03024983 0.03074807 0.0304997 ]","[0.00122451 0.00178514 0.00369931 0.00308314 0.00771732 0.00334496
 0.00308231 0.00286118 0.00311239 0.00454862 0.00303097 0.00150073]",[0 0.001 0.005 0.01 0.05 0.1 0.15 0.2 0.25 0.3 0.4 0.5],"[{'alpha': 0}, {'alpha': 0.001}, {'alpha': 0.005}, {'alpha': 0.01}, {'alpha': 0.05}, {'alpha': 0.1}, {'alpha': 0.15}, {'alpha': 0.2}, {'alpha': 0.25}, {'alpha': 0.3}, {'alpha': 0.4}, {'alpha': 0.5}]","[0.41095018 0.41093738 0.40996582 0.40789881 0.39436835 0.38574213
 0.37564442 0.36296067 0.34850331 0.33402744 0.30490882 0.27632399]","[0.41685217 0.41687626 0.41596941 0.41380209 0.39919238 0.38973264
 0.37883256 0.36552594 0.35064348 0.3352354  0.30537038 0.27629261]","[0.41924478 0.41924701 0.41839319 0.41646129 0.40271214 0.39327037
 0.38270957 0.36972776 0.35507752 0.3398068  0.31004402 0.27981445]","[0.41825078 0.41820084 0.41699591 0.41460926 0.40025147 0.39093814
 0.38042289 0.36729485 0.35265098 0.33774457 0.30823113 0.27881938]","[0.41632448 0.41631537 0.41533108 0.41319286 0.39913109 0.38992082
 0.37940236 0.36637731 0.35171882 0.33670355 0.30713859 0.27781261]","[0.00321715 0.00321663 0.00321487 0.00320495 0.00303177 0.00272724
 0.00257031 0.00247314 0.00243134 0.0022378  0.00210557 0.00154494]",[ 1  2  3  4  5  6  7  8  9 10 11 12],"[0.41889017 0.41880926 0.41768746 0.41546341 0.40130691 0.39190119
 0.38125337 0.36821837 0.35348595 0.33868503 0.30895664 0.27978501]","[0.41692936 0.41684856 0.41570647 0.41345921 0.39895611 0.3899781
 0.37933709 0.36634793 0.35172821 0.33660196 0.30723765 0.27828899]","[0.41614664 0.41606727 0.41493642 0.41272521 0.39816646 0.38876243
 0.37833279 0.36535357 0.3506967  0.33547149 0.30590248 0.27602982]","[0.4164828  0.41639935 0.41526712 0.41302951 0.39898178 0.38964923
 0.3791632  0.36605994 0.35142612 0.33647266 0.30674117 0.27736594]","[0.41711224 0.41703111 0.41589937 0.41366933 0.39935281 0.39007274
 0.37952161 0.36649495 0.35183424 0.33680778 0.30720949 0.27786744]","[0.00106338 0.0010634  0.00106788 0.00106813 0.00117484 0.00114548
 0.00106944 0.00105875 0.00102469 0.0011688  0.0011159  0.00136777]","[-102.9641078  -102.96634556 -103.13617102 -103.49747794 -105.86256097
 -107.37039785 -109.13544699 -111.35252702 -113.87962919 -116.40996837
 -121.49981296 -126.49635491]","[-102.75830809 -102.75406295 -102.91386212 -103.29577274 -105.87019513
 -107.53712576 -109.45786288 -111.80266525 -114.42514924 -117.14025645
 -122.40286494 -127.52675005]","[-102.32152042 -102.32112782 -102.47155971 -102.81193545 -105.2343568
 -106.89787467 -108.75855055 -111.04577545 -113.62695753 -116.31746033
 -121.56127436 -126.88733217]","[-102.62691061 -102.63572062 -102.84828308 -103.26931456 -105.80218453
 -107.44515821 -109.30016173 -111.61609258 -114.1994308  -116.82908373
 -122.03557654 -127.22412978]","[-102.66771173 -102.66931424 -102.84246898 -103.21862517 -105.69232436
 -107.31263912 -109.16300554 -111.45426508 -114.03279169 -116.67419222
 -121.8748822  -127.03364173]","[0.23322279 0.23333038 0.23925162 0.25083688 0.26571698 0.24663799
 0.2598538  0.28494966 0.30408599 0.33101327 0.36865135 0.3839027 ]",[ 1  2  3  4  5  6  7  8  9 10 11 12],"[-102.43302142 -102.44728385 -102.64502601 -103.03706252 -105.5324475
 -107.19040602 -109.06731277 -111.36500968 -113.96191388 -116.57089163
 -121.81115445 -126.95327779]","[-102.5032907  -102.51749455 -102.71827427 -103.11334024 -105.66297192
 -107.24129708 -109.11197706 -111.39546005 -113.96559447 -116.62477552
 -121.78699384 -126.87614236]","[-102.64612591 -102.66007865 -102.85889261 -103.24764097 -105.80718647
 -107.46049117 -109.29410547 -111.57595725 -114.15275161 -116.82946732
 -122.02793681 -127.27979131]","[-102.54288185 -102.55754768 -102.75651607 -103.14973741 -105.61837941
 -107.25841048 -109.10114552 -111.40381289 -113.97544959 -116.60325627
 -121.82804418 -126.99022322]","[-102.53132997 -102.54560118 -102.74467724 -103.13694528 -105.65524633
 -107.28765119 -109.14363521 -111.43505997 -114.01392739 -116.65709769
 -121.86353232 -127.02485867]","[0.07707517 0.07698066 0.07715697 0.07574784 0.09947891 0.10287615
 0.08842232 0.08261904 0.08030283 0.1013489  0.09603362 0.15283212]","[-7.67144372 -7.671376   -7.67773505 -7.69150511 -7.78167942 -7.839808
 -7.90399385 -7.98403071 -8.0742235  -8.16237556 -8.33148763 -8.48845665]","[-7.69302169 -7.69186868 -7.69487458 -7.70637461 -7.79791006 -7.85850775
 -7.92710173 -8.01017119 -8.10323812 -8.1976064  -8.37143532 -8.53198913]","[-7.6713825  -7.67051981 -7.67312769 -7.68373243 -7.77150994 -7.831129
 -7.89766226 -7.97927582 -8.07056143 -8.16296762 -8.33305688 -8.49873146]","[-7.68699038 -7.6860983  -7.69140664 -7.7052974  -7.79578793 -7.85530401
 -7.92054416 -8.00259678 -8.09345928 -8.18411773 -8.35359447 -8.51431219]","[-7.68070957 -7.6799657  -7.68428599 -7.69672739 -7.78672184 -7.84618719
 -7.9123255  -7.99401863 -8.08537058 -8.17676683 -8.34739357 -8.50837236]","[0.00953791 0.00925064 0.00908632 0.00952175 0.01077263 0.01120665
 0.01194059 0.01276322 0.013493   0.01488162 0.01639357 0.01645156]",[ 2  1  3  4  5  6  7  8  9 10 11 12],"[-7.67802251 -7.67758456 -7.68220075 -7.69466039 -7.78403556 -7.84413404
 -7.91094827 -7.99259396 -8.08434757 -8.17433055 -8.34583834 -8.50601401]","[-7.67079787 -7.6704637  -7.67593911 -7.68935303 -7.78296198 -7.84056171
 -7.90745365 -7.98904705 -8.08006606 -8.17215986 -8.34131746 -8.49926492]","[-7.67895101 -7.67868667 -7.68388428 -7.69693037 -7.79041495 -7.85155936
 -7.91685371 -7.99786338 -8.08905619 -8.18177061 -8.35251428 -8.51745492]","[-7.6749356  -7.67492532 -7.68074342 -7.69396632 -7.78470673 -7.84562018
 -7.91187514 -7.99443722 -8.08589316 -8.17680314 -8.3484237  -8.50961774]","[-7.67567675 -7.67541506 -7.68069189 -7.69372753 -7.78552981 -7.84546882
 -7.91178269 -7.9934854  -8.08484075 -8.17626604 -8.34702345 -8.5080879 ]","[0.00318497 0.00316883 0.00296056 0.00275326 0.00288828 0.00396796
 0.00336008 0.00318458 0.00323722 0.00357756 0.00406425 0.00656177]"
Fold2,"[34.15700775  1.57399994  1.00125253  1.00725031  0.82125181  0.79524875
  0.78399819  0.78349727  0.78075099  0.74350095  0.72949785  0.71450078]","[0.54724123 0.03375564 0.04422621 0.02844743 0.01091701 0.00822649
 0.00948592 0.01721329 0.0158323  0.00287332 0.00450057 0.00149914]","[0.02999914 0.02899718 0.0287469  0.02974606 0.02974772 0.02974939
 0.03075057 0.0330013  0.03274876 0.02999771 0.02999932 0.03124851]","[0.00223612 0.00070663 0.0008293  0.00082813 0.00043113 0.00082956
 0.00258638 0.00324026 0.00426539 0.00245116 0.00099975 0.00163941]",[0 0.001 0.005 0.01 0.05 0.1 0.15 0.2 0.25 0.3 0.4 0.5],"[{'alpha': 0}, {'alpha': 0.001}, {'alpha': 0.005}, {'alpha': 0.01}, {'alpha': 0.05}, {'alpha': 0.1}, {'alpha': 0.15}, {'alpha': 0.2}, {'alpha': 0.25}, {'alpha': 0.3}, {'alpha': 0.4}, {'alpha': 0.5}]","[0.41878497 0.41877718 0.41782033 0.41573213 0.40214261 0.39281567
 0.38255638 0.36971745 0.35462534 0.34002044 0.31031172 0.28077454]","[0.42053455 0.42051933 0.41947941 0.41712592 0.40285652 0.39313013
 0.38230452 0.36896529 0.35351074 0.33853177 0.30861074 0.27936388]","[0.41645814 0.41650583 0.41558852 0.41351645 0.3995941  0.39031506
 0.38010122 0.36722007 0.35243648 0.33782269 0.30869115 0.27945698]","[0.41338943 0.41329024 0.4120569  0.40990941 0.39635846 0.38737189
 0.3772863  0.36466683 0.35001284 0.33559711 0.30677465 0.27786591]","[0.41729177 0.41727314 0.41623629 0.41407098 0.40023793 0.39090819
 0.3805621  0.36764241 0.35264635 0.337993   0.30859706 0.27936533]","[0.00267715 0.00270426 0.00278001 0.00272572 0.00254704 0.00231478
 0.00211875 0.00194218 0.00170609 0.00159453 0.00125203 0.00102987]",[ 1  2  3  4  5  6  7  8  9 10 11 12],"[0.4176831  0.4175985  0.41637117 0.41404444 0.39985914 0.39044903
 0.38006684 0.36715045 0.35200624 0.33735005 0.30771654 0.27842818]","[0.41706396 0.4169786  0.4157257  0.4133761  0.39941093 0.39001543
 0.37960024 0.36664336 0.35161434 0.33699181 0.30777011 0.27883188]","[0.41842958 0.41833618 0.41708663 0.41479778 0.40063573 0.39131984
 0.38099924 0.36804898 0.35312282 0.33839791 0.30901603 0.27971965]","[0.41943512 0.41935338 0.4181474  0.41598014 0.40190696 0.39242918
 0.38207256 0.36917858 0.35420998 0.33950996 0.31010003 0.28065936]","[0.41815294 0.41806667 0.41683273 0.41454961 0.40045319 0.39105337
 0.38068472 0.36775534 0.35273834 0.33806243 0.30865068 0.27940977]","[0.00088419 0.00088478 0.0008988  0.000967   0.00094683 0.00092282
 0.00094643 0.00096362 0.00101401 0.00098255 0.00098516 0.0008595 ]","[-102.65178615 -102.65316208 -102.82215577 -103.19096564 -105.59108936
 -107.23837574 -109.05032918 -111.31788784 -113.98339274 -116.56285001
 -121.80988046 -127.0266146 ]","[-102.65865071 -102.66134804 -102.84558152 -103.2625279  -105.79050785
 -107.5136441  -109.43152042 -111.79471156 -114.53265305 -117.18634197
 -122.48718111 -127.66858264]","[-102.62588571 -102.61749718 -102.77882342 -103.14323164 -105.59171611
 -107.223596   -109.01987623 -111.28524712 -113.88519556 -116.45528239
 -121.5785655  -126.71989735]","[-103.37705138 -103.39453257 -103.61188015 -103.99032808 -106.37838083
 -107.96206469 -109.73942449 -111.96332551 -114.54576505 -117.0862162
 -122.16553305 -127.26005488]","[-102.82834349 -102.83163497 -103.01461021 -103.39676332 -105.83792354
 -107.48442013 -109.31028758 -111.59029301 -114.2367516  -116.82267264
 -122.01029003 -127.16878737]","[0.31703219 0.32540702 0.34566465 0.34531481 0.32244672 0.29898388
 0.29613046 0.29504142 0.30447879 0.31788126 0.34571505 0.34635257]",[ 1  2  3  4  5  6  7  8  9 10 11 12],"[-102.73159677 -102.74652151 -102.9630461  -103.37352368 -105.87607605
 -107.53619606 -109.36780813 -111.64650242 -114.31822347 -116.90385051
 -122.13175628 -127.29876927]","[-102.73527094 -102.75031334 -102.9711226  -103.38521003 -105.84639862
 -107.5022399  -109.33778784 -111.62127843 -114.2699571  -116.8469969
 -121.99696093 -127.0969662 ]","[-102.74554188 -102.76204312 -102.98279844 -103.38716909 -105.88916597
 -107.53499631 -109.358327   -111.64623884 -114.28323008 -116.88466665
 -122.07553815 -127.25130526]","[-102.49805354 -102.51248334 -102.72539799 -103.10802563 -105.5926296
 -107.26592052 -109.09436948 -111.37078697 -114.01347587 -116.6087461
 -121.80103498 -126.9987519 ]","[-102.67761578 -102.69284033 -102.91059128 -103.31348211 -105.80106756
 -107.4598382  -109.28957311 -111.57120166 -114.22122163 -116.81106504
 -122.00132258 -127.16144816]","[0.10379622 0.10428625 0.10715174 0.11873502 0.12133517 0.11278434
 0.11322205 0.11616208 0.12123103 0.11858583 0.12515495 0.11995768]","[-7.68359744 -7.68296937 -7.6877162  -7.70056433 -7.79165999 -7.85323906
 -7.91976368 -8.00208008 -8.0982033  -8.18803049 -8.36215463 -8.52641578]","[-7.68496349 -7.68430518 -7.68946154 -7.70297142 -7.79467955 -7.85672867
 -7.92500783 -8.00926913 -8.10686006 -8.19827995 -8.37284656 -8.53493199]","[-7.6842637  -7.68367163 -7.6898421  -7.70336522 -7.79633636 -7.85604
 -7.91890005 -7.99822661 -8.08981317 -8.17836293 -8.34501755 -8.50447492]","[-7.68897518 -7.68888663 -7.69552867 -7.70852935 -7.7962213  -7.85548131
 -7.91984996 -8.00031397 -8.09305012 -8.18137394 -8.34942712 -8.50998833]","[-7.68544995 -7.6849582  -7.69063713 -7.70385758 -7.7947243  -7.85537226
 -7.92088038 -8.00247245 -8.09698166 -8.18651183 -8.35736147 -8.51895275]","[0.00209182 0.00231677 0.00293569 0.00290253 0.00188625 0.00130845
 0.00241176 0.00415437 0.00644049 0.00764195 0.01093262 0.01225767]",[ 2  1  3  4  5  6  7  8  9 10 11 12],"[-7.68251445 -7.68256227 -7.68938124 -7.70363676 -7.79602492 -7.85696304
 -7.92226658 -8.00345821 -8.09842417 -8.1877294  -8.35940678 -8.52108679]","[-7.68140028 -7.68133704 -7.68839631 -7.70297713 -7.79480824 -7.85622023
 -7.92229091 -8.00400087 -8.0984321  -8.18749275 -8.35690729 -8.5158275 ]","[-7.67961824 -7.67957861 -7.68624683 -7.70014231 -7.79230562 -7.85314368
 -7.91916569 -8.00185104 -8.09687388 -8.18755    -8.35926828 -8.5220254 ]","[-7.67762295 -7.67769828 -7.68432556 -7.69744604 -7.79113525 -7.85217386
 -7.91727426 -7.99832913 -8.09229224 -8.18214466 -8.35299936 -8.51617907]","[-7.68028898 -7.68029405 -7.68708748 -7.70105056 -7.79356851 -7.8546252
 -7.92024936 -8.00190981 -8.0965056  -8.1862292  -8.35714543 -8.51877969]","[0.00185374 0.00183593 0.00195636 0.00246057 0.00194207 0.0020133
 0.00213674 0.0022133  0.00251398 0.00235983 0.00259166 0.00279893]"
Fold3,"[34.16375923  1.56049764  0.97000003  0.92100257  0.81949812  0.79474986
  0.77574974  0.77974963  0.75900096  0.74000019  0.75175303  0.71750104]","[0.41048733 0.02827177 0.05065063 0.04469522 0.00962992 0.00147782
 0.00825717 0.00657411 0.00255049 0.00474346 0.01612632 0.00433016]","[0.0297482  0.02974927 0.03174877 0.02924711 0.03500068 0.03124952
 0.03299963 0.02950001 0.02999914 0.03099895 0.02924597 0.03124845]","[0.00129929 0.00109025 0.00540305 0.00043384 0.00367408 0.0004336
 0.00489994 0.00049889 0.00187069 0.00353567 0.00148206 0.00334508]",[0 0.001 0.005 0.01 0.05 0.1 0.15 0.2 0.25 0.3 0.4 0.5],"[{'alpha': 0}, {'alpha': 0.001}, {'alpha': 0.005}, {'alpha': 0.01}, {'alpha': 0.05}, {'alpha': 0.1}, {'alpha': 0.15}, {'alpha': 0.2}, {'alpha': 0.25}, {'alpha': 0.3}, {'alpha': 0.4}, {'alpha': 0.5}]","[0.4186741  0.41866887 0.41782443 0.41574569 0.40238072 0.39310241
 0.38274313 0.36974423 0.35461758 0.33968387 0.31028058 0.28066582]","[0.41374435 0.41374186 0.4127292  0.41048953 0.39635801 0.38688824
 0.37635588 0.36339189 0.34877542 0.33390538 0.30460702 0.2762732 ]","[0.41981923 0.41978348 0.41873739 0.41664716 0.40256627 0.3929632
 0.38230706 0.36920261 0.35422261 0.33929109 0.30883852 0.27947215]","[0.41631848 0.41626059 0.41516134 0.41291536 0.3984992  0.38963741
 0.37954769 0.36684044 0.35224253 0.33788277 0.30891215 0.2798391 ]","[0.41713904 0.4171137  0.41611309 0.41394943 0.39995105 0.39064782
 0.38023844 0.36729479 0.35246454 0.33769078 0.30815957 0.27906257]","[0.00233115 0.00232612 0.00235437 0.00242613 0.00263441 0.00257592
 0.00255461 0.00250393 0.00231221 0.0022858  0.00212995 0.00166746]",[ 1  2  3  4  5  6  7  8  9 10 11 12],"[0.41746535 0.41737527 0.41618242 0.41389097 0.39949184 0.38999258
 0.37957851 0.36657886 0.3515869  0.33680253 0.30746607 0.27808388]","[0.41911868 0.41903212 0.41780186 0.41553753 0.40138517 0.39192024
 0.38151083 0.36858894 0.35390149 0.33897546 0.30950377 0.28071954]","[0.41707805 0.41698831 0.41579843 0.41357975 0.39929051 0.38985883
 0.37941642 0.3664986  0.35163325 0.33684798 0.30699042 0.27813492]","[0.41827198 0.41818138 0.41700545 0.41473867 0.40056587 0.39140932
 0.38095691 0.36799824 0.35317046 0.33852247 0.30893866 0.27954208]","[0.41798352 0.41789427 0.41669704 0.41443673 0.40018335 0.39079524
 0.38036567 0.36741616 0.35257302 0.33778711 0.30822473 0.27912011]","[0.00078424 0.00078538 0.00077267 0.00076407 0.00084647 0.00088936
 0.00089186 0.00090239 0.00099717 0.00097523 0.00103014 0.00109323]","[-102.49350382 -102.4944269  -102.64330878 -103.0098117  -105.36618737
 -107.00204495 -108.8284884  -111.12032373 -113.78730118 -116.42026295
 -121.60435283 -126.82572847]","[-103.83740665 -103.83784634 -104.01720931 -104.41389874 -106.91686971
 -108.59415091 -110.4596398  -112.75581794 -115.34468075 -117.9784582
 -123.16777439 -128.18625064]","[-102.57008874 -102.57640882 -102.76134709 -103.13087831 -105.62023717
 -107.31796333 -109.20186138 -111.51859514 -114.16690797 -116.80664898
 -122.19035408 -127.3820315 ]","[-102.50584614 -102.51601149 -102.70906168 -103.10350028 -105.63525879
 -107.19156162 -108.96351259 -111.19515265 -113.75883101 -116.28068425
 -121.36848875 -126.4742841 ]","[-102.85171134 -102.85617339 -103.03273171 -103.41452226 -105.88463826
 -107.5264302  -109.36337554 -111.64747236 -114.26443023 -116.87151359
 -122.08274251 -127.21707368]","[0.56983373 0.56756511 0.56992505 0.57873408 0.60547319 0.62661846
 0.64689195 0.65717541 0.64415342 0.66750285 0.69424231 0.64641366]",[ 1  2  3  4  5  6  7  8  9 10 11 12],"[-102.8235245  -102.83942565 -103.04997616 -103.45444116 -105.99604048
 -107.67275937 -109.51095377 -111.80552876 -114.45176813 -117.06136591
 -122.2395615  -127.42582891]","[-102.37494814 -102.39020252 -102.60702482 -103.00609231 -105.50031438
 -107.16842056 -109.00298225 -111.28034641 -113.86887362 -116.4994472
 -121.69355856 -126.76651255]","[-102.79822628 -102.81405285 -103.02388804 -103.41515134 -105.93505778
 -107.59833319 -109.43985089 -111.71790776 -114.33941088 -116.94679087
 -122.21216914 -127.30083376]","[-102.81481407 -102.83082607 -103.03866109 -103.43929319 -105.94419741
 -107.56252963 -109.40989305 -111.70021258 -114.32087913 -116.90977051
 -122.13842289 -127.33398454]","[-102.70287824 -102.71862677 -102.92988753 -103.3287445  -105.84390251
 -107.50051069 -109.34091999 -111.62599888 -114.24523294 -116.85434362
 -122.07092802 -127.20678994]","[0.18954851 0.18983524 0.18663426 0.18680956 0.19972926 0.1958118
 0.19853086 0.20350769 0.2229882  0.21238428 0.22099184 0.25828519]","[-7.68305495 -7.68227794 -7.68531377 -7.69808441 -7.78422369 -7.84536195
 -7.91242599 -7.99567803 -8.0911208  -8.18185625 -8.35141302 -8.51303326]","[-7.72338991 -7.72233675 -7.72625271 -7.73953805 -7.83108285 -7.89170203
 -7.95683665 -8.03753679 -8.12894193 -8.2199307  -8.38977899 -8.54469164]","[-7.66090468 -7.6608276  -7.6669201  -7.68078711 -7.77700336 -7.84130221
 -7.90969394 -7.99226073 -8.08591923 -8.17732361 -8.35511415 -8.51700953]","[-7.67648937 -7.67674988 -7.68327451 -7.69748926 -7.79299728 -7.84989361
 -7.9129178  -7.99188948 -8.08286903 -8.17005555 -8.33846159 -8.49935781]","[-7.68595973 -7.68554805 -7.69044027 -7.70397471 -7.79632679 -7.85706495
 -7.92296859 -8.00434126 -8.09721275 -8.18729153 -8.35869194 -8.51852306]","[0.02305916 0.02265287 0.02187097 0.02167471 0.02085036 0.02022733
 0.01959226 0.01922226 0.01855491 0.01930865 0.01898325 0.0164661 ]",[ 2  1  3  4  5  6  7  8  9 10 11 12],"[-7.68281229 -7.68287628 -7.68934596 -7.70346916 -7.79934461 -7.86096768
 -7.9262097  -8.00723542 -8.1007991  -8.190909   -8.36101344 -8.52317947]","[-7.66806726 -7.66816213 -7.67495874 -7.68914598 -7.78262334 -7.84506461
 -7.91159986 -7.99322745 -8.08551309 -8.1768699  -8.34831253 -8.50639412]","[-7.68674668 -7.68672244 -7.69289317 -7.70645906 -7.79924611 -7.86021488
 -7.92618972 -8.00702628 -8.09983521 -8.18974054 -8.3629589  -8.52070346]","[-7.68531633 -7.68522139 -7.69124088 -7.70561778 -7.79914565 -7.85910978
 -7.9255558  -8.00732035 -8.10054115 -8.18994408 -8.36145437 -8.52302173]","[-7.68073564 -7.68074556 -7.68710968 -7.70117299 -7.79508993 -7.85633924
 -7.92238877 -8.00370238 -8.09667214 -8.18686588 -8.35843481 -8.51832469]","[0.00744842 0.00739322 0.00712674 0.00702887 0.00719793 0.00654286
 0.00623453 0.00604865 0.00645234 0.00578804 0.00588844 0.00695751]"
Fold4,"[34.03501266  1.55699807  0.91474605  0.90424871  0.816751    0.79624933
  0.77899998  0.77324998  0.75500208  0.7413789   0.73149842  0.71625155]","[0.44975583 0.02624399 0.00719088 0.00795001 0.00804448 0.00268333
 0.0081532  0.00311212 0.00234476 0.00584877 0.00512586 0.00571985]","[0.03349864 0.029998   0.03249836 0.03399944 0.03049743 0.03199995
 0.02924931 0.02924979 0.03024811 0.03074825 0.02824759 0.02999794]","[0.00320347 0.00070588 0.00433078 0.00495034 0.00111625 0.00578977
 0.00082996 0.00108926 0.00130109 0.00432441 0.00082978 0.0021221 ]",[0 0.001 0.005 0.01 0.05 0.1 0.15 0.2 0.25 0.3 0.4 0.5],"[{'alpha': 0}, {'alpha': 0.001}, {'alpha': 0.005}, {'alpha': 0.01}, {'alpha': 0.05}, {'alpha': 0.1}, {'alpha': 0.15}, {'alpha': 0.2}, {'alpha': 0.25}, {'alpha': 0.3}, {'alpha': 0.4}, {'alpha': 0.5}]","[0.42044148 0.42040328 0.41921559 0.41694942 0.40281771 0.39385748
 0.3834778  0.37065773 0.35578328 0.34111427 0.31180278 0.28245991]","[0.41854227 0.41853399 0.4175961  0.41564219 0.40195006 0.3924927
 0.38204618 0.36924043 0.35474483 0.33987308 0.31059675 0.28104757]","[0.41575072 0.41572121 0.41470261 0.41245456 0.3985592  0.38976183
 0.37955743 0.36677328 0.35232755 0.33721647 0.30791904 0.27875141]","[0.41838718 0.41841474 0.41751194 0.41545888 0.4015099  0.39227765
 0.38142206 0.36812385 0.35327331 0.33856745 0.30893209 0.27974341]","[0.41828041 0.41826831 0.41725656 0.41512626 0.40120922 0.39209741
 0.38162586 0.36869882 0.35403224 0.33919281 0.30981266 0.28050057]","[0.00166955 0.00166867 0.00162334 0.00164611 0.00160071 0.0014783
 0.00140768 0.00142907 0.00132815 0.0014536  0.00149471 0.00139383]",[ 1  2  3  4  5  6  7  8  9 10 11 12],"[0.41841255 0.41832912 0.41711286 0.41491153 0.40088232 0.39171085
 0.38119697 0.36822585 0.35333966 0.33865722 0.30919549 0.2796851 ]","[0.41904859 0.4189651  0.41782974 0.41559734 0.40130097 0.39197077
 0.38161764 0.36879346 0.35419314 0.33921594 0.309862   0.28032774]","[0.41995857 0.41987284 0.41872316 0.41645421 0.40236994 0.393228
 0.38272565 0.36971514 0.3550739  0.33983073 0.31058889 0.28143863]","[0.41910112 0.41901402 0.41782748 0.41558118 0.40112857 0.39205377
 0.38144323 0.36850332 0.35393292 0.3393584  0.3098755  0.28076529]","[0.41913021 0.41904527 0.41787331 0.41563607 0.40142045 0.39224085
 0.38174587 0.36880944 0.35413491 0.33926557 0.30988047 0.28055419]","[0.00054971 0.0005489  0.00057108 0.00054746 0.00056802 0.0005838
 0.00058509 0.0005601  0.00062416 0.0004185  0.00049281 0.00063902]","[-102.77616246 -102.78293732 -102.99355653 -103.39542693 -105.90147886
 -107.49044355 -109.33112698 -111.60457635 -114.24234127 -116.84367474
 -122.04163514 -127.24516048]","[-102.42561913 -102.42707709 -102.59229057 -102.93647668 -105.3483899
 -107.01433383 -108.8545215  -111.11029445 -113.6637401  -116.28344592
 -121.44056372 -126.64574534]","[-103.01497793 -103.02018006 -103.19978014 -103.59615686 -106.04619051
 -107.59734522 -109.39658765 -111.65069212 -114.19776748 -116.86215682
 -122.02788669 -127.17072978]","[-102.82689959 -102.82202665 -102.98163859 -103.3446121  -105.8107364
 -107.44296257 -109.36219032 -111.71326191 -114.33877976 -116.93871958
 -122.17813641 -127.33858238]","[-102.76091478 -102.76305528 -102.94181646 -103.31816814 -105.77669892
 -107.38627129 -109.23610661 -111.51970621 -114.11065715 -116.73199927
 -121.92205549 -127.10005449]","[0.21304797 0.213815   0.21964542 0.23960087 0.26115269 0.22189831
 0.22152163 0.23950055 0.26301316 0.26141241 0.28412642 0.26895311]",[ 1  2  3  4  5  6  7  8  9 10 11 12],"[-102.60606739 -102.62078623 -102.83536379 -103.22373102 -105.69882241
 -107.31689061 -109.17179407 -111.46021247 -114.08649513 -116.67683214
 -121.8745934  -127.08093792]","[-102.72309132 -102.73785468 -102.93860645 -103.33333673 -105.86120244
 -107.51095656 -109.34158526 -111.60913982 -114.19074954 -116.83899862
 -122.02932504 -127.25153518]","[-102.52993871 -102.54509195 -102.74831303 -103.14937902 -105.638959
 -107.25491745 -109.1113455  -111.41112443 -113.99915523 -116.69358665
 -121.8624647  -127.01515619]","[-102.58906341 -102.60444475 -102.81399271 -103.21069817 -105.76308804
 -107.36573352 -109.23959763 -111.52483699 -114.09802863 -116.671947
 -121.87874373 -127.01972342]","[-102.61204021 -102.6270444  -102.83406899 -103.22928624 -105.74051797
 -107.36212453 -109.21608062 -111.50132842 -114.09360713 -116.7203411
 -121.91128172 -127.09183818]","[0.07006535 0.06990177 0.06835001 0.06630996 0.08235122 0.0944768
 0.08549153 0.07416743 0.06787477 0.06897541 0.06841433 0.09578963]","[-7.68882042 -7.68879728 -7.69613328 -7.71009239 -7.80537158 -7.86601725
 -7.93338454 -8.01546736 -8.10966224 -8.20064924 -8.37466214 -8.53881738]","[-7.66861742 -7.66796089 -7.67212583 -7.68358744 -7.77076296 -7.8317487
 -7.89671209 -7.97647152 -8.06692279 -8.1571737  -8.32417613 -8.48711658]","[-7.69798326 -7.69736228 -7.70134987 -7.71488457 -7.80734465 -7.8637473
 -7.92782343 -8.00873928 -8.09865636 -8.19058934 -8.35977    -8.51979916]","[-7.67523794 -7.67387761 -7.67659926 -7.68809932 -7.77811437 -7.83864056
 -7.90835733 -7.99329346 -8.08680663 -8.17707954 -8.34929887 -8.51041184]","[-7.68266476 -7.68199952 -7.68655206 -7.69916593 -7.79039839 -7.85003845
 -7.91656935 -7.9984929  -8.09051201 -8.18137296 -8.35197678 -8.51403624]","[0.01145681 0.01167554 0.01242929 0.01352426 0.01618502 0.01506388
 0.01475765 0.01504241 0.015837   0.01628307 0.01840793 0.0186086 ]",[ 2  1  3  4  5  6  7  8  9 10 11 12],"[-7.67485031 -7.67452945 -7.67993722 -7.69286668 -7.78391731 -7.84335176
 -7.90961669 -7.99165776 -8.0849259  -8.17440433 -8.34436255 -8.50742021]","[-7.68268261 -7.68239455 -7.6876922  -7.70084799 -7.79394072 -7.85535608
 -7.92151943 -8.00303688 -8.09467592 -8.18662423 -8.35779487 -8.52163115]","[-7.67296693 -7.67285256 -7.67854987 -7.69205246 -7.78512048 -7.84545648
 -7.91245838 -7.99524063 -8.08748036 -8.18165526 -8.35197284 -8.51307718]","[-7.67881789 -7.67874136 -7.68469544 -7.6982178  -7.79379962 -7.85299526
 -7.92012198 -8.0016361  -8.09263224 -8.1814228  -8.35249831 -8.51290696]","[-7.67732944 -7.67712948 -7.68271868 -7.69599623 -7.78919453 -7.8492899
 -7.91592912 -7.99789284 -8.08992861 -8.18102666 -8.35165714 -8.51375887]","[0.00374331 0.0037206  0.00366603 0.00366819 0.00469521 0.0050121
 0.00501808 0.00464714 0.00390088 0.00435144 0.00478775 0.00508286]"
